<Comment>
	!!! All values have maximum of 255 !!!
	Guard A = Halbardier; 					Bleu = Blue/Silver
	Guard B = Lancer 						Jaune = Yellow
	Soldier A = Swordsmen 					Orange = Orange
	Soldier B = Foot Knight 				Rouge = Red
 	Officer B0 = normal Officer 			Noir = Black
 	Officer = Special Officer 				Vert = Green
	Knight0 = Mounted Knight 				Vert Mechant = Green Enemies
 
	HP = Health Points; 
	Officer Value is Only Set for Officers and Special Officers Decreasing with Increasing Tier; Officers and Special Officers of Same Tier have same value 
	Guard Value is 1 for Halbardiers and Lancers and 0 for everything else
	Ranged Attack Rate = Higher number equals more attacks per minute; 0 makes ranged units unable to fire 
 	<Melee_Attack_Damage> = Attack rate frequency - the higher value, the enemy attacks more frequentlyn	<Melee_Attack_Rate> = Blue bar stamina - the higher value, more often or bigger part of stamina is restored
	Weapon: String representation of their Weapon or something similar I guess, 'SD' for normal units 'VP' for enemy Heroes. HL -> Halbardier; SW -> Sword; BW -> Bow; etc.
	Bitflags: 11xx 0yyz -> x what x is needs to be tested; y is 1 for Mounted Knights and 0 for everything else; z is 0 for ally and 1 for enemies
	Ranged Value = 2 for Merry Men Bow guys in Forrest Missions; 3 for Archers; 4 for Crossbowmen 
	Mounted Knight Value = 3 for Mounted Knights, 10 for Enemy Heroes and 64 for everything else (Maybe Should be Renamed)
	1 -> Needs to be Tested, Values goes Up as Units get better
	Thread_Threshold -> The Higher the Value the less likely they flee and get help
	3 -> Needs to be Tested, Always 0 for Both Guard Types, Ranged and Soldier A; Always 0 for all Allies; Value Going up with increasing Tier
	4 -> Needs to be Tested, 2 for Knight0, Soldier B and the Merry Man, 1 for Officers and Officer B0's and 0 for everything Else
	Response_Purse -> Needs to be Tested, Value goes down as Units get better: Only Applied to Guard B, Soldier A and Archers: Rest and all Allies is 0 (Response to Purse)
	Response_Apple -> Needs to be Tested, Value goes down as Units get better: Only Applied to Soldier A, Soldier B, Knight0 and Crossbow: Rest and all Allies is 0 (Response to Apple)
	Response_Beer -> Needs to be Tested, Value goes down as Units get better: Only Applied to Guards, Crossbowmen and Officers; Rest and all Allies is 0 (Response to Beer)
	Response_Whistle -> Needs to be Tested, Value goes down as Units get better: Only Applied to Guard B, Soldier A, Archers, Officers and Knight0; Rest and all Allies is 0 (Response to Whistle)
	9 -> 11: Merry Man Staff Guy 
	     12: Lancer 
	     13: Archers(Merry Man Included) 
	     14: Halbardier 
	     15: Swordsmen 
	     16: Officers 
	     17: Foot Knights 
	     18: Mounted Knights 
		 19: Enemy Heroes 
	     20: Crossbowmen 
	Green Enemies: 
	     21-27 (No Mounted Knights)
	10 -> Needs to be Tested, 3 for Guards; 2 for Knight0, Soldier B and Scathlock; 1 for Soldier A, Officers, Guiy of Guisbourne, Longchamp and Sheriff; 0 for all Ranged and Both Merry Man Types
	11 -> Needs to be Tested, 2 for Knight0, Soldier B, Guard A and Guy of Guisbourne; 1 for Soldier A, Officers, Crossbowmen and Scathlock, 0 for Guard B, Archers, Longchamp and Sheriff
	12 -> Needs to be Tested, Weirdest Field of them All, maybe another Bitflag Field, couldn't figure anything out 
		Guards, Soldiers, Knight0, Archer and Crossbow have the Same Value for 'normal' enemies, and extra value for Green Enemies and Green Allies; 
		Black Officers have a diffrent Value than other Officers all together
</Comment> 

<Guard A, Bleu>
	<Unit_Block_Head>R3VhcmQgQTAwBwBHYXJkZSBBEQBIYWxsZWJhcmRpZXIgQmxldQ==</Unit_Block_Head> 
	<HP>100</HP>
	<1>10</1>
	<Thread_Threshold>40</Thread_Threshold>
	<Officer_Value>0</Officer_Value>
	<3>0</3>
	<Guard_Value>1</Guard_Value>
	<Ranged_Attack_Rate>0</Ranged_Attack_Rate>
	<Melee_Attack_Damage>5</Melee_Attack_Damage>
	<Melee_Attack_Rate>10</Melee_Attack_Rate>
	<4>0</4>
	<Weapon>SDHL</Weapon>
	<Bitflags>1111 0001</Bitflags>
	<Response_Purse>0</Response_Purse>
	<Response_Apple>0</Response_Apple>
	<Response_Beer>75</Response_Beer>
	<Response_Whistle>25</Response_Whistle>
	<9>12</9>
	<Ranged_Value>0</Ranged_Value>
	<Mounted_Knight_Value>64</Mounted_Knight_Value>
	<10>3</10>
	<11>2</11>
	<12>9</12>
</Guard A, Bleu>

<Guard A, Jaune>
	<Unit_Block_Head>R3VhcmQgQTAxBwBHYXJkZSBBEgBIYWxsZWJhcmRpZXIgSmF1bmU=</Unit_Block_Head> 
	<HP>90</HP>
	<1>15</1>
	<Thread_Threshold>45</Thread_Threshold>
	<Officer_Value>0</Officer_Value>
	<3>0</3>
	<Guard_Value>1</Guard_Value>
	<Ranged_Attack_Rate>0</Ranged_Attack_Rate>
	<Melee_Attack_Damage>20</Melee_Attack_Damage>
	<Melee_Attack_Rate>20</Melee_Attack_Rate>
	<4>0</4>
	<Weapon>SDHL</Weapon>
	<Bitflags>1111 0001</Bitflags>
	<Response_Purse>0</Response_Purse>
	<Response_Apple>0</Response_Apple>
	<Response_Beer>70</Response_Beer>
	<Response_Whistle>20</Response_Whistle>
	<9>12</9>
	<Ranged_Value>0</Ranged_Value>
	<Mounted_Knight_Value>64</Mounted_Knight_Value>
	<10>3</10>
	<11>2</11>
	<12>9</12>
</Guard A, Jaune>

<Guard A, Orange>
	<Unit_Block_Head>R3VhcmQgQTAyBwBHYXJkZSBBEwBIYWxsZWJhcmRpZXIgT3Jhbmdl</Unit_Block_Head> 
	<HP>100</HP>
	<1>20</1>
	<Thread_Threshold>50</Thread_Threshold>
	<Officer_Value>0</Officer_Value>
	<3>0</3>
	<Guard_Value>1</Guard_Value>
	<Ranged_Attack_Rate>0</Ranged_Attack_Rate>
	<Melee_Attack_Damage>40</Melee_Attack_Damage>
	<Melee_Attack_Rate>30</Melee_Attack_Rate>
	<4>0</4>
	<Weapon>SDHL</Weapon>
	<Bitflags>1111 0001</Bitflags>
	<Response_Purse>0</Response_Purse>
	<Response_Apple>0</Response_Apple>
	<Response_Beer>65</Response_Beer>
	<Response_Whistle>15</Response_Whistle>
	<9>12</9>
	<Ranged_Value>0</Ranged_Value>
	<Mounted_Knight_Value>64</Mounted_Knight_Value>
	<10>3</10>
	<11>2</11>
	<12>9</12>
</Guard A, Orange>

<Guard A, Rouge>
	<Unit_Block_Head>R3VhcmQgQTAzBwBHYXJkZSBBEgBIYWxsZWJhcmRpZXIgUm91Z2U=</Unit_Block_Head> 
	<HP>110</HP>
	<1>25</1>
	<Thread_Threshold>55</Thread_Threshold>
	<Officer_Value>0</Officer_Value>
	<3>0</3>
	<Guard_Value>1</Guard_Value>
	<Ranged_Attack_Rate>0</Ranged_Attack_Rate>
	<Melee_Attack_Damage>60</Melee_Attack_Damage>
	<Melee_Attack_Rate>40</Melee_Attack_Rate>
	<4>0</4>
	<Weapon>SDHL</Weapon>
	<Bitflags>1111 0001</Bitflags>
	<Response_Purse>0</Response_Purse>
	<Response_Apple>0</Response_Apple>
	<Response_Beer>60</Response_Beer>
	<Response_Whistle>10</Response_Whistle>
	<9>12</9>
	<Ranged_Value>0</Ranged_Value>
	<Mounted_Knight_Value>64</Mounted_Knight_Value>
	<10>3</10>
	<11>2</11>
	<12>9</12>
</Guard A, Rouge>

<Guard A, Noir>
	<Unit_Block_Head>R3VhcmQgQTA0BwBHYXJkZSBBEQBIYWxsZWJhcmRpZXIgTm9pcg==</Unit_Block_Head> 
	<HP>120</HP>
	<1>30</1>
	<Thread_Threshold>60</Thread_Threshold>
	<Officer_Value>0</Officer_Value>
	<3>0</3>
	<Guard_Value>1</Guard_Value>
	<Ranged_Attack_Rate>0</Ranged_Attack_Rate>
	<Melee_Attack_Damage>80</Melee_Attack_Damage>
	<Melee_Attack_Rate>50</Melee_Attack_Rate>
	<4>0</4>
	<Weapon>SDHL</Weapon>
	<Bitflags>1111 0001</Bitflags>
	<Response_Purse>0</Response_Purse>
	<Response_Apple>0</Response_Apple>
	<Response_Beer>55</Response_Beer>
	<Response_Whistle>5</Response_Whistle>
	<9>12</9>
	<Ranged_Value>0</Ranged_Value>
	<Mounted_Knight_Value>64</Mounted_Knight_Value>
	<10>3</10>
	<11>2</11>
	<12>9</12>
</Guard A, Noir>

<Guard A, Vert>
	<Unit_Block_Head>R3VhcmQgQTA1BwBHYXJkZSBBEQBIYWxsZWJhcmRpZXIgVmVydA==</Unit_Block_Head> 
	<HP>100</HP>
	<1>20</1>
	<Thread_Threshold>50</Thread_Threshold>
	<Officer_Value>0</Officer_Value>
	<3>0</3>
	<Guard_Value>1</Guard_Value>
	<Ranged_Attack_Rate>0</Ranged_Attack_Rate>
	<Melee_Attack_Damage>40</Melee_Attack_Damage>
	<Melee_Attack_Rate>30</Melee_Attack_Rate>
	<4>0</4>
	<Weapon>SDHL</Weapon>
	<Bitflags>1101 0000</Bitflags>
	<Response_Purse>0</Response_Purse>
	<Response_Apple>0</Response_Apple>
	<Response_Beer>0</Response_Beer>
	<Response_Whistle>0</Response_Whistle>
	<9>12</9>
	<Ranged_Value>0</Ranged_Value>
	<Mounted_Knight_Value>64</Mounted_Knight_Value>
	<10>3</10>
	<11>2</11>
	<12>11</12>
</Guard A, Vert>

<Soldier A, Bleu>
	<Unit_Block_Head>U29sZGllciBBMDAIAFNvbGRhdCBBCQBFcGVlIEJsZXU=</Unit_Block_Head> 
	<HP>80</HP>
	<1>30</1>
	<Thread_Threshold>40</Thread_Threshold>
	<Officer_Value>0</Officer_Value>
	<3>0</3>
	<Guard_Value>0</Guard_Value>
	<Ranged_Attack_Rate>0</Ranged_Attack_Rate>
	<Melee_Attack_Damage>5</Melee_Attack_Damage>
	<Melee_Attack_Rate>10</Melee_Attack_Rate>
	<4>0</4>
	<Weapon>SDSW</Weapon>
	<Bitflags>1110 0001</Bitflags>
	<Response_Purse>50</Response_Purse>
	<Response_Apple>100</Response_Apple>
	<Response_Beer>0</Response_Beer>
	<Response_Whistle>75</Response_Whistle>
	<9>15</9>
	<Ranged_Value>0</Ranged_Value>
	<Mounted_Knight_Value>64</Mounted_Knight_Value>
	<10>1</10>
	<11>1</11>
	<12>11</12>
</Soldier A, Bleu>

<Soldier A, Jaune>
	<Unit_Block_Head>U29sZGllciBBMDEIAFNvbGRhdCBBCgBFcGVlIEphdW5l</Unit_Block_Head> 
	<HP>90</HP>
	<1>35</1>
	<Thread_Threshold>45</Thread_Threshold>
	<Officer_Value>0</Officer_Value>
	<3>0</3>
	<Guard_Value>0</Guard_Value>
	<Ranged_Attack_Rate>0</Ranged_Attack_Rate>
	<Melee_Attack_Damage>20</Melee_Attack_Damage>
	<Melee_Attack_Rate>20</Melee_Attack_Rate>
	<4>0</4>
	<Weapon>SDSW</Weapon>
	<Bitflags>1110 0001</Bitflags>
	<Response_Purse>40</Response_Purse>
	<Response_Apple>95</Response_Apple>
	<Response_Beer>0</Response_Beer>
	<Response_Whistle>70</Response_Whistle>
	<9>15</9>
	<Ranged_Value>0</Ranged_Value>
	<Mounted_Knight_Value>64</Mounted_Knight_Value>
	<10>1</10>
	<11>1</11>
	<12>11</12>
</Soldier A, Jaune>

<Soldier A, Orange>
	<Unit_Block_Head>U29sZGllciBBMDIIAFNvbGRhdCBBCwBFcGVlIE9yYW5nZQ==</Unit_Block_Head> 
	<HP>100</HP>
	<1>40</1>
	<Thread_Threshold>50</Thread_Threshold>
	<Officer_Value>0</Officer_Value>
	<3>0</3>
	<Guard_Value>0</Guard_Value>
	<Ranged_Attack_Rate>0</Ranged_Attack_Rate>
	<Melee_Attack_Damage>40</Melee_Attack_Damage>
	<Melee_Attack_Rate>30</Melee_Attack_Rate>
	<4>0</4>
	<Weapon>SDSW</Weapon>
	<Bitflags>1110 0001</Bitflags>
	<Response_Purse>30</Response_Purse>
	<Response_Apple>90</Response_Apple>
	<Response_Beer>0</Response_Beer>
	<Response_Whistle>65</Response_Whistle>
	<9>15</9>
	<Ranged_Value>0</Ranged_Value>
	<Mounted_Knight_Value>64</Mounted_Knight_Value>
	<10>1</10>
	<11>1</11>
	<12>11</12>
</Soldier A, Orange>

<Soldier A, Rouge>
	<Unit_Block_Head>U29sZGllciBBMDMIAFNvbGRhdCBBCgBFcGVlIFJvdWdl</Unit_Block_Head> 
	<HP>110</HP>
	<1>45</1>
	<Thread_Threshold>55</Thread_Threshold>
	<Officer_Value>0</Officer_Value>
	<3>0</3>
	<Guard_Value>0</Guard_Value>
	<Ranged_Attack_Rate>0</Ranged_Attack_Rate>
	<Melee_Attack_Damage>60</Melee_Attack_Damage>
	<Melee_Attack_Rate>40</Melee_Attack_Rate>
	<4>0</4>
	<Weapon>SDSW</Weapon>
	<Bitflags>1110 0001</Bitflags>
	<Response_Purse>20</Response_Purse>
	<Response_Apple>85</Response_Apple>
	<Response_Beer>0</Response_Beer>
	<Response_Whistle>60</Response_Whistle>
	<9>15</9>
	<Ranged_Value>0</Ranged_Value>
	<Mounted_Knight_Value>64</Mounted_Knight_Value>
	<10>1</10>
	<11>1</11>
	<12>11</12>
</Soldier A, Rouge>

<Soldier A, Noir>
	<Unit_Block_Head>U29sZGllciBBMDQIAFNvbGRhdCBBCQBFcGVlIE5vaXI=</Unit_Block_Head> 
	<HP>120</HP>
	<1>50</1>
	<Thread_Threshold>60</Thread_Threshold>
	<Officer_Value>0</Officer_Value>
	<3>0</3>
	<Guard_Value>0</Guard_Value>
	<Ranged_Attack_Rate>0</Ranged_Attack_Rate>
	<Melee_Attack_Damage>80</Melee_Attack_Damage>
	<Melee_Attack_Rate>50</Melee_Attack_Rate>
	<4>0</4>
	<Weapon>SDSW</Weapon>
	<Bitflags>1110 0001</Bitflags>
	<Response_Purse>10</Response_Purse>
	<Response_Apple>80</Response_Apple>
	<Response_Beer>0</Response_Beer>
	<Response_Whistle>55</Response_Whistle>
	<9>15</9>
	<Ranged_Value>0</Ranged_Value>
	<Mounted_Knight_Value>64</Mounted_Knight_Value>
	<10>1</10>
	<11>1</11>
	<12>11</12>
</Soldier A, Noir>

<Soldier A, Vert>
	<Unit_Block_Head>U29sZGllciBBMDUIAFNvbGRhdCBBCQBFcGVlIFZlcnQ=</Unit_Block_Head> 
	<HP>100</HP>
	<1>40</1>
	<Thread_Threshold>50</Thread_Threshold>
	<Officer_Value>0</Officer_Value>
	<3>0</3>
	<Guard_Value>0</Guard_Value>
	<Ranged_Attack_Rate>0</Ranged_Attack_Rate>
	<Melee_Attack_Damage>40</Melee_Attack_Damage>
	<Melee_Attack_Rate>30</Melee_Attack_Rate>
	<4>0</4>
	<Weapon>SDSW</Weapon>
	<Bitflags>1100 0000</Bitflags>
	<Response_Purse>0</Response_Purse>
	<Response_Apple>0</Response_Apple>
	<Response_Beer>0</Response_Beer>
	<Response_Whistle>0</Response_Whistle>
	<9>15</9>
	<Ranged_Value>0</Ranged_Value>
	<Mounted_Knight_Value>64</Mounted_Knight_Value>
	<10>1</10>
	<11>1</11>
	<12>8</12>
</Soldier A, Vert>

<Archer0, Bleu>
	<Unit_Block_Head>QXJjaGVyMDAGAEFyY2hlcgsAQXJjaGVyIEJsZXU=</Unit_Block_Head> 
	<HP>30</HP>
	<1>40</1>
	<Thread_Threshold>0</Thread_Threshold>
	<Officer_Value>0</Officer_Value>
	<3>0</3>
	<Guard_Value>0</Guard_Value>
	<Ranged_Attack_Rate>30</Ranged_Attack_Rate>
	<Melee_Attack_Damage>30</Melee_Attack_Damage>
	<Melee_Attack_Rate>10</Melee_Attack_Rate>
	<4>0</4>
	<Weapon>SDBW</Weapon>
	<Bitflags>1111 0001</Bitflags>
	<Response_Purse>100</Response_Purse>
	<Response_Apple>0</Response_Apple>
	<Response_Beer>0</Response_Beer>
	<Response_Whistle>50</Response_Whistle>
	<9>13</9>
	<Ranged_Value>3</Ranged_Value>
	<Mounted_Knight_Value>64</Mounted_Knight_Value>
	<10>0</10>
	<11>0</11>
	<12>8</12>
</Archer0, Bleu>

<Archer0, Jaune>
	<Unit_Block_Head>QXJjaGVyMDEGAEFyY2hlcgwAQXJjaGVyIEphdW5l</Unit_Block_Head> 
	<HP>40</HP>
	<1>45</1>
	<Thread_Threshold>5</Thread_Threshold>
	<Officer_Value>0</Officer_Value>
	<3>0</3>
	<Guard_Value>0</Guard_Value>
	<Ranged_Attack_Rate>40</Ranged_Attack_Rate>
	<Melee_Attack_Damage>30</Melee_Attack_Damage>
	<Melee_Attack_Rate>10</Melee_Attack_Rate>
	<4>0</4>
	<Weapon>SDBW</Weapon>
	<Bitflags>1111 0001</Bitflags>
	<Response_Purse>90</Response_Purse>
	<Response_Apple>0</Response_Apple>
	<Response_Beer>0</Response_Beer>
	<Response_Whistle>45</Response_Whistle>
	<9>13</9>
	<Ranged_Value>3</Ranged_Value>
	<Mounted_Knight_Value>64</Mounted_Knight_Value>
	<10>0</10>
	<11>0</11>
	<12>8</12>
</Archer0, Jaune>

<Archer0, Orange>
	<Unit_Block_Head>QXJjaGVyMDIGAEFyY2hlcg0AQXJjaGVyIE9yYW5nZQ==</Unit_Block_Head> 
	<HP>50</HP>
	<1>50</1>
	<Thread_Threshold>10</Thread_Threshold>
	<Officer_Value>0</Officer_Value>
	<3>0</3>
	<Guard_Value>0</Guard_Value>
	<Ranged_Attack_Rate>50</Ranged_Attack_Rate>
	<Melee_Attack_Damage>30</Melee_Attack_Damage>
	<Melee_Attack_Rate>10</Melee_Attack_Rate>
	<4>0</4>
	<Weapon>SDBW</Weapon>
	<Bitflags>1111 0001</Bitflags>
	<Response_Purse>80</Response_Purse>
	<Response_Apple>0</Response_Apple>
	<Response_Beer>0</Response_Beer>
	<Response_Whistle>40</Response_Whistle>
	<9>13</9>
	<Ranged_Value>3</Ranged_Value>
	<Mounted_Knight_Value>64</Mounted_Knight_Value>
	<10>0</10>
	<11>0</11>
	<12>8</12>
</Archer0, Orange>

<Archer0, Rouge>
	<Unit_Block_Head>QXJjaGVyMDMGAEFyY2hlcgwAQXJjaGVyIFJvdWdl</Unit_Block_Head> 
	<HP>60</HP>
	<1>55</1>
	<Thread_Threshold>15</Thread_Threshold>
	<Officer_Value>0</Officer_Value>
	<3>0</3>
	<Guard_Value>0</Guard_Value>
	<Ranged_Attack_Rate>60</Ranged_Attack_Rate>
	<Melee_Attack_Damage>30</Melee_Attack_Damage>
	<Melee_Attack_Rate>10</Melee_Attack_Rate>
	<4>0</4>
	<Weapon>SDBW</Weapon>
	<Bitflags>1111 0001</Bitflags>
	<Response_Purse>70</Response_Purse>
	<Response_Apple>0</Response_Apple>
	<Response_Beer>0</Response_Beer>
	<Response_Whistle>35</Response_Whistle>
	<9>13</9>
	<Ranged_Value>3</Ranged_Value>
	<Mounted_Knight_Value>64</Mounted_Knight_Value>
	<10>0</10>
	<11>0</11>
	<12>8</12>
</Archer0, Rouge>

<Archer0, Noir>
	<Unit_Block_Head>QXJjaGVyMDQGAEFyY2hlcgsAQXJjaGVyIE5vaXI=</Unit_Block_Head> 
	<HP>70</HP>
	<1>60</1>
	<Thread_Threshold>20</Thread_Threshold>
	<Officer_Value>0</Officer_Value>
	<3>0</3>
	<Guard_Value>0</Guard_Value>
	<Ranged_Attack_Rate>70</Ranged_Attack_Rate>
	<Melee_Attack_Damage>30</Melee_Attack_Damage>
	<Melee_Attack_Rate>10</Melee_Attack_Rate>
	<4>0</4>
	<Weapon>SDBW</Weapon>
	<Bitflags>1111 0001</Bitflags>
	<Response_Purse>60</Response_Purse>
	<Response_Apple>0</Response_Apple>
	<Response_Beer>0</Response_Beer>
	<Response_Whistle>30</Response_Whistle>
	<9>13</9>
	<Ranged_Value>3</Ranged_Value>
	<Mounted_Knight_Value>64</Mounted_Knight_Value>
	<10>0</10>
	<11>0</11>
	<12>8</12>
</Archer0, Noir>

<Archer0, Vert>
	<Unit_Block_Head>QXJjaGVyMDUGAEFyY2hlcgsAQXJjaGVyIFZlcnQ=</Unit_Block_Head> 
	<HP>50</HP>
	<1>50</1>
	<Thread_Threshold>15</Thread_Threshold>
	<Officer_Value>0</Officer_Value>
	<3>0</3>
	<Guard_Value>0</Guard_Value>
	<Ranged_Attack_Rate>50</Ranged_Attack_Rate>
	<Melee_Attack_Damage>30</Melee_Attack_Damage>
	<Melee_Attack_Rate>10</Melee_Attack_Rate>
	<4>0</4>
	<Weapon>SDBW</Weapon>
	<Bitflags>1101 0000</Bitflags>
	<Response_Purse>0</Response_Purse>
	<Response_Apple>0</Response_Apple>
	<Response_Beer>0</Response_Beer>
	<Response_Whistle>0</Response_Whistle>
	<9>13</9>
	<Ranged_Value>3</Ranged_Value>
	<Mounted_Knight_Value>64</Mounted_Knight_Value>
	<10>0</10>
	<11>0</11>
	<12>12</12>
</Archer0, Vert>

<Officier B0, Bleu>
	<Unit_Block_Head>T2ZmaWNpZXIgQjAwCQBPZmZpY2llckINAE9mZmljaWVyIEJsZXU=</Unit_Block_Head> 
	<HP>130</HP>
	<1>70</1>
	<Thread_Threshold>50</Thread_Threshold>
	<Officer_Value>80</Officer_Value>
	<3>35</3>
	<Guard_Value>0</Guard_Value>
	<Ranged_Attack_Rate>0</Ranged_Attack_Rate>
	<Melee_Attack_Damage>40</Melee_Attack_Damage>
	<Melee_Attack_Rate>60</Melee_Attack_Rate>
	<4>1</4>
	<Weapon>SDOF</Weapon>
	<Bitflags>1100 0001</Bitflags>
	<Response_Purse>0</Response_Purse>
	<Response_Apple>80</Response_Apple>
	<Response_Beer>25</Response_Beer>
	<Response_Whistle>100</Response_Whistle>
	<9>16</9>
	<Ranged_Value>0</Ranged_Value>
	<Mounted_Knight_Value>64</Mounted_Knight_Value>
	<10>1</10>
	<11>1</11>
	<12>12</12>
</Officier B0, Bleu>

<Officier B0, Jaune>
	<Unit_Block_Head>T2ZmaWNpZXIgQjAxCQBPZmZpY2llckIOAE9mZmljaWVyIEphdW5l</Unit_Block_Head> 
	<HP>140</HP>
	<1>75</1>
	<Thread_Threshold>55</Thread_Threshold>
	<Officer_Value>60</Officer_Value>
	<3>45</3>
	<Guard_Value>0</Guard_Value>
	<Ranged_Attack_Rate>0</Ranged_Attack_Rate>
	<Melee_Attack_Damage>55</Melee_Attack_Damage>
	<Melee_Attack_Rate>70</Melee_Attack_Rate>
	<4>1</4>
	<Weapon>SDOF</Weapon>
	<Bitflags>1100 0001</Bitflags>
	<Response_Purse>0</Response_Purse>
	<Response_Apple>75</Response_Apple>
	<Response_Beer>20</Response_Beer>
	<Response_Whistle>95</Response_Whistle>
	<9>16</9>
	<Ranged_Value>0</Ranged_Value>
	<Mounted_Knight_Value>64</Mounted_Knight_Value>
	<10>1</10>
	<11>1</11>
	<12>12</12>
</Officier B0, Jaune>

<Officier B0, Orange>
	<Unit_Block_Head>T2ZmaWNpZXIgQjAyCQBPZmZpY2llckIPAE9mZmljaWVyIE9yYW5nZQ==</Unit_Block_Head> 
	<HP>150</HP>
	<1>80</1>
	<Thread_Threshold>60</Thread_Threshold>
	<Officer_Value>40</Officer_Value>
	<3>55</3>
	<Guard_Value>0</Guard_Value>
	<Ranged_Attack_Rate>0</Ranged_Attack_Rate>
	<Melee_Attack_Damage>70</Melee_Attack_Damage>
	<Melee_Attack_Rate>80</Melee_Attack_Rate>
	<4>1</4>
	<Weapon>SDOF</Weapon>
	<Bitflags>1100 0001</Bitflags>
	<Response_Purse>0</Response_Purse>
	<Response_Apple>70</Response_Apple>
	<Response_Beer>15</Response_Beer>
	<Response_Whistle>90</Response_Whistle>
	<9>16</9>
	<Ranged_Value>0</Ranged_Value>
	<Mounted_Knight_Value>64</Mounted_Knight_Value>
	<10>1</10>
	<11>1</11>
	<12>12</12>
</Officier B0, Orange>

<Officier B0, Rouge>
	<Unit_Block_Head>T2ZmaWNpZXIgQjAzCQBPZmZpY2llckIOAE9mZmljaWVyIFJvdWdl</Unit_Block_Head> 
	<HP>160</HP>
	<1>85</1>
	<Thread_Threshold>65</Thread_Threshold>
	<Officer_Value>20</Officer_Value>
	<3>65</3>
	<Guard_Value>0</Guard_Value>
	<Ranged_Attack_Rate>0</Ranged_Attack_Rate>
	<Melee_Attack_Damage>85</Melee_Attack_Damage>
	<Melee_Attack_Rate>90</Melee_Attack_Rate>
	<4>1</4>
	<Weapon>SDOF</Weapon>
	<Bitflags>1100 0001</Bitflags>
	<Response_Purse>0</Response_Purse>
	<Response_Apple>65</Response_Apple>
	<Response_Beer>10</Response_Beer>
	<Response_Whistle>85</Response_Whistle>
	<9>16</9>
	<Ranged_Value>0</Ranged_Value>
	<Mounted_Knight_Value>64</Mounted_Knight_Value>
	<10>1</10>
	<11>1</11>
	<12>12</12>
</Officier B0, Rouge>

<Officier B0, Noir>
	<Unit_Block_Head>T2ZmaWNpZXIgQjA0CQBPZmZpY2llckINAE9mZmljaWVyIE5vaXI=</Unit_Block_Head> 
	<HP>170</HP>
	<1>90</1>
	<Thread_Threshold>70</Thread_Threshold>
	<Officer_Value>0</Officer_Value>
	<3>75</3>
	<Guard_Value>0</Guard_Value>
	<Ranged_Attack_Rate>0</Ranged_Attack_Rate>
	<Melee_Attack_Damage>100</Melee_Attack_Damage>
	<Melee_Attack_Rate>100</Melee_Attack_Rate>
	<4>1</4>
	<Weapon>SDOF</Weapon>
	<Bitflags>1100 0001</Bitflags>
	<Response_Purse>0</Response_Purse>
	<Response_Apple>60</Response_Apple>
	<Response_Beer>5</Response_Beer>
	<Response_Whistle>80</Response_Whistle>
	<9>16</9>
	<Ranged_Value>0</Ranged_Value>
	<Mounted_Knight_Value>64</Mounted_Knight_Value>
	<10>1</10>
	<11>1</11>
	<12>9</12>
</Officier B0, Noir>

<Officer, Vert>
	<Unit_Block_Head>T2ZmaWNlcjA1CABPZmZpY2llcg0AT2ZmaWNpZXIgVmVydA==</Unit_Block_Head> 
	<HP>150</HP>
	<1>80</1>
	<Thread_Threshold>60</Thread_Threshold>
	<Officer_Value>0</Officer_Value>
	<3>0</3>
	<Guard_Value>0</Guard_Value>
	<Ranged_Attack_Rate>0</Ranged_Attack_Rate>
	<Melee_Attack_Damage>80</Melee_Attack_Damage>
	<Melee_Attack_Rate>60</Melee_Attack_Rate>
	<4>1</4>
	<Weapon>SDOF</Weapon>
	<Bitflags>1100 0000</Bitflags>
	<Response_Purse>0</Response_Purse>
	<Response_Apple>0</Response_Apple>
	<Response_Beer>0</Response_Beer>
	<Response_Whistle>0</Response_Whistle>
	<9>16</9>
	<Ranged_Value>0</Ranged_Value>
	<Mounted_Knight_Value>64</Mounted_Knight_Value>
	<10>1</10>
	<11>1</11>
	<12>11</12>
</Officer, Vert>

<Soldier B, Bleu>
	<Unit_Block_Head>U29sZGllciBCMDAIAFNvbGRhdCBCDgBDaGV2YWxpZXIgQmxldQ==</Unit_Block_Head> 
	<HP>105</HP>
	<1>80</1>
	<Thread_Threshold>80</Thread_Threshold>
	<Officer_Value>0</Officer_Value>
	<3>50</3>
	<Guard_Value>0</Guard_Value>
	<Ranged_Attack_Rate>0</Ranged_Attack_Rate>
	<Melee_Attack_Damage>60</Melee_Attack_Damage>
	<Melee_Attack_Rate>80</Melee_Attack_Rate>
	<4>2</4>
	<Weapon>SDKN
</Weapon>
	<Bitflags>1100 0001</Bitflags>
	<Response_Purse>0</Response_Purse>
	<Response_Apple>75</Response_Apple>
	<Response_Beer>0</Response_Beer>
	<Response_Whistle>0</Response_Whistle>
	<9>17</9>
	<Ranged_Value>0</Ranged_Value>
	<Mounted_Knight_Value>64</Mounted_Knight_Value>
	<10>2</10>
	<11>2</11>
	<12>11</12>
</Soldier B, Bleu>

<Soldier B, Jaune>
	<Unit_Block_Head>U29sZGllciBCMDEIAFNvbGRhdCBCDwBDaGV2YWxpZXIgSmF1bmU=</Unit_Block_Head> 
	<HP>115</HP>
	<1>85</1>
	<Thread_Threshold>85</Thread_Threshold>
	<Officer_Value>0</Officer_Value>
	<3>60</3>
	<Guard_Value>0</Guard_Value>
	<Ranged_Attack_Rate>0</Ranged_Attack_Rate>
	<Melee_Attack_Damage>70</Melee_Attack_Damage>
	<Melee_Attack_Rate>85</Melee_Attack_Rate>
	<4>2</4>
	<Weapon>SDKN
</Weapon>
	<Bitflags>1100 0001</Bitflags>
	<Response_Purse>0</Response_Purse>
	<Response_Apple>70</Response_Apple>
	<Response_Beer>0</Response_Beer>
	<Response_Whistle>0</Response_Whistle>
	<9>17</9>
	<Ranged_Value>0</Ranged_Value>
	<Mounted_Knight_Value>64</Mounted_Knight_Value>
	<10>2</10>
	<11>2</11>
	<12>11</12>
</Soldier B, Jaune>

<Soldier B, Orange>
	<Unit_Block_Head>U29sZGllciBCMDIIAFNvbGRhdCBCEABDaGV2YWxpZXIgT3Jhbmdl</Unit_Block_Head> 
	<HP>125</HP>
	<1>90</1>
	<Thread_Threshold>90</Thread_Threshold>
	<Officer_Value>0</Officer_Value>
	<3>70</3>
	<Guard_Value>0</Guard_Value>
	<Ranged_Attack_Rate>0</Ranged_Attack_Rate>
	<Melee_Attack_Damage>80</Melee_Attack_Damage>
	<Melee_Attack_Rate>90</Melee_Attack_Rate>
	<4>2</4>
	<Weapon>SDKN
</Weapon>
	<Bitflags>1100 0001</Bitflags>
	<Response_Purse>0</Response_Purse>
	<Response_Apple>65</Response_Apple>
	<Response_Beer>0</Response_Beer>
	<Response_Whistle>0</Response_Whistle>
	<9>17</9>
	<Ranged_Value>0</Ranged_Value>
	<Mounted_Knight_Value>64</Mounted_Knight_Value>
	<10>2</10>
	<11>2</11>
	<12>11</12>
</Soldier B, Orange>

<Soldier B, Rouge>
	<Unit_Block_Head>U29sZGllciBCMDMIAFNvbGRhdCBCDwBDaGV2YWxpZXIgUm91Z2U=</Unit_Block_Head> 
	<HP>135</HP>
	<1>95</1>
	<Thread_Threshold>95</Thread_Threshold>
	<Officer_Value>0</Officer_Value>
	<3>80</3>
	<Guard_Value>0</Guard_Value>
	<Ranged_Attack_Rate>0</Ranged_Attack_Rate>
	<Melee_Attack_Damage>90</Melee_Attack_Damage>
	<Melee_Attack_Rate>95</Melee_Attack_Rate>
	<4>2</4>
	<Weapon>SDKN
</Weapon>
	<Bitflags>1100 0001</Bitflags>
	<Response_Purse>0</Response_Purse>
	<Response_Apple>60</Response_Apple>
	<Response_Beer>0</Response_Beer>
	<Response_Whistle>0</Response_Whistle>
	<9>17</9>
	<Ranged_Value>0</Ranged_Value>
	<Mounted_Knight_Value>64</Mounted_Knight_Value>
	<10>2</10>
	<11>2</11>
	<12>11</12>
</Soldier B, Rouge>

<Soldier B, Noir>
	<Unit_Block_Head>U29sZGllciBCMDQIAFNvbGRhdCBCDgBDaGV2YWxpZXIgTm9pcg==</Unit_Block_Head> 
	<HP>145</HP>
	<1>100</1>
	<Thread_Threshold>100</Thread_Threshold>
	<Officer_Value>0</Officer_Value>
	<3>90</3>
	<Guard_Value>0</Guard_Value>
	<Ranged_Attack_Rate>0</Ranged_Attack_Rate>
	<Melee_Attack_Damage>100</Melee_Attack_Damage>
	<Melee_Attack_Rate>100</Melee_Attack_Rate>
	<4>2</4>
	<Weapon>SDKN
</Weapon>
	<Bitflags>1100 0001</Bitflags>
	<Response_Purse>0</Response_Purse>
	<Response_Apple>55</Response_Apple>
	<Response_Beer>0</Response_Beer>
	<Response_Whistle>0</Response_Whistle>
	<9>17</9>
	<Ranged_Value>0</Ranged_Value>
	<Mounted_Knight_Value>64</Mounted_Knight_Value>
	<10>2</10>
	<11>2</11>
	<12>11</12>
</Soldier B, Noir>

<Soldier B, Vert>
	<Unit_Block_Head>U29sZGllciBCMDUIAFNvbGRhdCBCDgBDaGV2YWxpZXIgVmVydA==</Unit_Block_Head> 
	<HP>125</HP>
	<1>90</1>
	<Thread_Threshold>90</Thread_Threshold>
	<Officer_Value>0</Officer_Value>
	<3>0</3>
	<Guard_Value>0</Guard_Value>
	<Ranged_Attack_Rate>0</Ranged_Attack_Rate>
	<Melee_Attack_Damage>80</Melee_Attack_Damage>
	<Melee_Attack_Rate>90</Melee_Attack_Rate>
	<4>2</4>
	<Weapon>SDKN
</Weapon>
	<Bitflags>1100 0000</Bitflags>
	<Response_Purse>0</Response_Purse>
	<Response_Apple>0</Response_Apple>
	<Response_Beer>0</Response_Beer>
	<Response_Whistle>0</Response_Whistle>
	<9>17</9>
	<Ranged_Value>0</Ranged_Value>
	<Mounted_Knight_Value>64</Mounted_Knight_Value>
	<10>2</10>
	<11>2</11>
	<12>9</12>
</Soldier B, Vert>

<Guard B, Bleu>
	<Unit_Block_Head>R3VhcmQgQjAwBwBHYXJkZSBCDABMYW5jaWVyIEJsZXU=</Unit_Block_Head> 
	<HP>45</HP>
	<1>0</1>
	<Thread_Threshold>10</Thread_Threshold>
	<Officer_Value>0</Officer_Value>
	<3>0</3>
	<Guard_Value>1</Guard_Value>
	<Ranged_Attack_Rate>0</Ranged_Attack_Rate>
	<Melee_Attack_Damage>0</Melee_Attack_Damage>
	<Melee_Attack_Rate>10</Melee_Attack_Rate>
	<4>0</4>
	<Weapon>SDLN</Weapon>
	<Bitflags>1110 0001</Bitflags>
	<Response_Purse>75</Response_Purse>
	<Response_Apple>0</Response_Apple>
	<Response_Beer>100</Response_Beer>
	<Response_Whistle>0</Response_Whistle>
	<9>14</9>
	<Ranged_Value>0</Ranged_Value>
	<Mounted_Knight_Value>64</Mounted_Knight_Value>
	<10>3</10>
	<11>0</11>
	<12>9</12>
</Guard B, Bleu>

<Guard B, Jaune>
	<Unit_Block_Head>R3VhcmQgQjAxBwBHYXJkZSBCDQBMYW5jaWVyIEphdW5l</Unit_Block_Head> 
	<HP>55</HP>
	<1>5</1>
	<Thread_Threshold>15</Thread_Threshold>
	<Officer_Value>0</Officer_Value>
	<3>0</3>
	<Guard_Value>1</Guard_Value>
	<Ranged_Attack_Rate>0</Ranged_Attack_Rate>
	<Melee_Attack_Damage>15</Melee_Attack_Damage>
	<Melee_Attack_Rate>20</Melee_Attack_Rate>
	<4>0</4>
	<Weapon>SDLN</Weapon>
	<Bitflags>1110 0001</Bitflags>
	<Response_Purse>65</Response_Purse>
	<Response_Apple>0</Response_Apple>
	<Response_Beer>95</Response_Beer>
	<Response_Whistle>0</Response_Whistle>
	<9>14</9>
	<Ranged_Value>0</Ranged_Value>
	<Mounted_Knight_Value>64</Mounted_Knight_Value>
	<10>3</10>
	<11>0</11>
	<12>9</12>
</Guard B, Jaune>

<Guard B, Orange>
	<Unit_Block_Head>R3VhcmQgQjAyBwBHYXJkZSBCDgBMYW5jaWVyIE9yYW5nZQ==</Unit_Block_Head> 
	<HP>65</HP>
	<1>10</1>
	<Thread_Threshold>20</Thread_Threshold>
	<Officer_Value>0</Officer_Value>
	<3>0</3>
	<Guard_Value>1</Guard_Value>
	<Ranged_Attack_Rate>0</Ranged_Attack_Rate>
	<Melee_Attack_Damage>30</Melee_Attack_Damage>
	<Melee_Attack_Rate>30</Melee_Attack_Rate>
	<4>0</4>
	<Weapon>SDLN</Weapon>
	<Bitflags>1110 0001</Bitflags>
	<Response_Purse>55</Response_Purse>
	<Response_Apple>0</Response_Apple>
	<Response_Beer>90</Response_Beer>
	<Response_Whistle>0</Response_Whistle>
	<9>14</9>
	<Ranged_Value>0</Ranged_Value>
	<Mounted_Knight_Value>64</Mounted_Knight_Value>
	<10>3</10>
	<11>0</11>
	<12>9</12>
</Guard B, Orange>

<Guard B, Rouge>
	<Unit_Block_Head>R3VhcmQgQjAzBwBHYXJkZSBCDQBMYW5jaWVyIFJvdWdl</Unit_Block_Head> 
	<HP>75</HP>
	<1>15</1>
	<Thread_Threshold>25</Thread_Threshold>
	<Officer_Value>0</Officer_Value>
	<3>0</3>
	<Guard_Value>1</Guard_Value>
	<Ranged_Attack_Rate>0</Ranged_Attack_Rate>
	<Melee_Attack_Damage>45</Melee_Attack_Damage>
	<Melee_Attack_Rate>40</Melee_Attack_Rate>
	<4>0</4>
	<Weapon>SDLN</Weapon>
	<Bitflags>1110 0001</Bitflags>
	<Response_Purse>45</Response_Purse>
	<Response_Apple>0</Response_Apple>
	<Response_Beer>85</Response_Beer>
	<Response_Whistle>0</Response_Whistle>
	<9>14</9>
	<Ranged_Value>0</Ranged_Value>
	<Mounted_Knight_Value>64</Mounted_Knight_Value>
	<10>3</10>
	<11>0</11>
	<12>9</12>
</Guard B, Rouge>

<Guard B, Noir>
	<Unit_Block_Head>R3VhcmQgQjA0BwBHYXJkZSBCDABMYW5jaWVyIE5vaXI=</Unit_Block_Head> 
	<HP>85</HP>
	<1>20</1>
	<Thread_Threshold>30</Thread_Threshold>
	<Officer_Value>0</Officer_Value>
	<3>0</3>
	<Guard_Value>1</Guard_Value>
	<Ranged_Attack_Rate>0</Ranged_Attack_Rate>
	<Melee_Attack_Damage>60</Melee_Attack_Damage>
	<Melee_Attack_Rate>50</Melee_Attack_Rate>
	<4>0</4>
	<Weapon>SDLN</Weapon>
	<Bitflags>1110 0001</Bitflags>
	<Response_Purse>35</Response_Purse>
	<Response_Apple>0</Response_Apple>
	<Response_Beer>80</Response_Beer>
	<Response_Whistle>0</Response_Whistle>
	<9>14</9>
	<Ranged_Value>0</Ranged_Value>
	<Mounted_Knight_Value>64</Mounted_Knight_Value>
	<10>3</10>
	<11>0</11>
	<12>9</12>
</Guard B, Noir>

<Guard B, Vert>
	<Unit_Block_Head>R3VhcmQgQjA1BwBHYXJkZSBCDABMYW5jaWVyIFZlcnQ=</Unit_Block_Head> 
	<HP>65</HP>
	<1>10</1>
	<Thread_Threshold>20</Thread_Threshold>
	<Officer_Value>0</Officer_Value>
	<3>0</3>
	<Guard_Value>1</Guard_Value>
	<Ranged_Attack_Rate>0</Ranged_Attack_Rate>
	<Melee_Attack_Damage>30</Melee_Attack_Damage>
	<Melee_Attack_Rate>30</Melee_Attack_Rate>
	<4>0</4>
	<Weapon>SDLN</Weapon>
	<Bitflags>1100 0000</Bitflags>
	<Response_Purse>0</Response_Purse>
	<Response_Apple>0</Response_Apple>
	<Response_Beer>0</Response_Beer>
	<Response_Whistle>0</Response_Whistle>
	<9>14</9>
	<Ranged_Value>0</Ranged_Value>
	<Mounted_Knight_Value>64</Mounted_Knight_Value>
	<10>3</10>
	<11>0</11>
	<12>13</12>
</Guard B, Vert>

<Crossbowman, Bleu>
	<Unit_Block_Head>Q3Jvc3Nib3dtYW4wMAsAQXJiYWxldHJpZXIQAEFyYmFsZXRyaWVyIEJsZXU=</Unit_Block_Head> 
	<HP>80</HP>
	<1>20</1>
	<Thread_Threshold>30</Thread_Threshold>
	<Officer_Value>0</Officer_Value>
	<3>0</3>
	<Guard_Value>0</Guard_Value>
	<Ranged_Attack_Rate>30</Ranged_Attack_Rate>
	<Melee_Attack_Damage>30</Melee_Attack_Damage>
	<Melee_Attack_Rate>10</Melee_Attack_Rate>
	<4>0</4>
	<Weapon>SDCB</Weapon>
	<Bitflags>1110 0001</Bitflags>
	<Response_Purse>0</Response_Purse>
	<Response_Apple>50</Response_Apple>
	<Response_Beer>50</Response_Beer>
	<Response_Whistle>0</Response_Whistle>
	<9>20</9>
	<Ranged_Value>4</Ranged_Value>
	<Mounted_Knight_Value>64</Mounted_Knight_Value>
	<10>0</10>
	<11>1</11>
	<12>13</12>
</Crossbowman, Bleu>

<Crossbowman, Jaune>
	<Unit_Block_Head>Q3Jvc3Nib3dtYW4wMQsAQXJiYWxldHJpZXIRAEFyYmFsZXRyaWVyIEphdW5l</Unit_Block_Head> 
	<HP>90</HP>
	<1>25</1>
	<Thread_Threshold>35</Thread_Threshold>
	<Officer_Value>0</Officer_Value>
	<3>0</3>
	<Guard_Value>0</Guard_Value>
	<Ranged_Attack_Rate>40</Ranged_Attack_Rate>
	<Melee_Attack_Damage>30</Melee_Attack_Damage>
	<Melee_Attack_Rate>10</Melee_Attack_Rate>
	<4>0</4>
	<Weapon>SDCB</Weapon>
	<Bitflags>1110 0001</Bitflags>
	<Response_Purse>0</Response_Purse>
	<Response_Apple>45</Response_Apple>
	<Response_Beer>45</Response_Beer>
	<Response_Whistle>0</Response_Whistle>
	<9>20</9>
	<Ranged_Value>4</Ranged_Value>
	<Mounted_Knight_Value>64</Mounted_Knight_Value>
	<10>0</10>
	<11>1</11>
	<12>13</12>
</Crossbowman, Jaune>

<Crossbowman, Orange>
	<Unit_Block_Head>Q3Jvc3Nib3dtYW4wMgsAQXJiYWxldHJpZXISAEFyYmFsZXRyaWVyIE9yYW5nZQ==</Unit_Block_Head> 
	<HP>100</HP>
	<1>30</1>
	<Thread_Threshold>40</Thread_Threshold>
	<Officer_Value>0</Officer_Value>
	<3>0</3>
	<Guard_Value>0</Guard_Value>
	<Ranged_Attack_Rate>50</Ranged_Attack_Rate>
	<Melee_Attack_Damage>30</Melee_Attack_Damage>
	<Melee_Attack_Rate>10</Melee_Attack_Rate>
	<4>0</4>
	<Weapon>SDCB</Weapon>
	<Bitflags>1110 0001</Bitflags>
	<Response_Purse>0</Response_Purse>
	<Response_Apple>40</Response_Apple>
	<Response_Beer>40</Response_Beer>
	<Response_Whistle>0</Response_Whistle>
	<9>20</9>
	<Ranged_Value>4</Ranged_Value>
	<Mounted_Knight_Value>64</Mounted_Knight_Value>
	<10>0</10>
	<11>1</11>
	<12>13</12>
</Crossbowman, Orange>

<Crossbowman, Rouge>
	<Unit_Block_Head>Q3Jvc3Nib3dtYW4wMwsAQXJiYWxldHJpZXIRAEFyYmFsZXRyaWVyIFJvdWdl</Unit_Block_Head> 
	<HP>110</HP>
	<1>32</1>
	<Thread_Threshold>45</Thread_Threshold>
	<Officer_Value>0</Officer_Value>
	<3>0</3>
	<Guard_Value>0</Guard_Value>
	<Ranged_Attack_Rate>60</Ranged_Attack_Rate>
	<Melee_Attack_Damage>30</Melee_Attack_Damage>
	<Melee_Attack_Rate>10</Melee_Attack_Rate>
	<4>0</4>
	<Weapon>SDCB</Weapon>
	<Bitflags>1110 0001</Bitflags>
	<Response_Purse>0</Response_Purse>
	<Response_Apple>35</Response_Apple>
	<Response_Beer>35</Response_Beer>
	<Response_Whistle>0</Response_Whistle>
	<9>20</9>
	<Ranged_Value>4</Ranged_Value>
	<Mounted_Knight_Value>64</Mounted_Knight_Value>
	<10>0</10>
	<11>1</11>
	<12>13</12>
</Crossbowman, Rouge>

<Crossbowman, Noir>
	<Unit_Block_Head>Q3Jvc3Nib3dtYW4wNAsAQXJiYWxldHJpZXIQAEFyYmFsZXRyaWVyIE5vaXI=</Unit_Block_Head> 
	<HP>120</HP>
	<1>40</1>
	<Thread_Threshold>50</Thread_Threshold>
	<Officer_Value>0</Officer_Value>
	<3>0</3>
	<Guard_Value>0</Guard_Value>
	<Ranged_Attack_Rate>70</Ranged_Attack_Rate>
	<Melee_Attack_Damage>30</Melee_Attack_Damage>
	<Melee_Attack_Rate>10</Melee_Attack_Rate>
	<4>0</4>
	<Weapon>SDCB</Weapon>
	<Bitflags>1110 0001</Bitflags>
	<Response_Purse>0</Response_Purse>
	<Response_Apple>30</Response_Apple>
	<Response_Beer>30</Response_Beer>
	<Response_Whistle>0</Response_Whistle>
	<9>20</9>
	<Ranged_Value>4</Ranged_Value>
	<Mounted_Knight_Value>64</Mounted_Knight_Value>
	<10>0</10>
	<11>1</11>
	<12>13</12>
</Crossbowman, Noir>

<Crossbowman, Vert>
	<Unit_Block_Head>Q3Jvc3Nib3dtYW4wNQsAQXJiYWxldHJpZXIQAEFyYmFsZXRyaWVyIFZlcnQ=</Unit_Block_Head> 
	<HP>100</HP>
	<1>30</1>
	<Thread_Threshold>40</Thread_Threshold>
	<Officer_Value>0</Officer_Value>
	<3>0</3>
	<Guard_Value>0</Guard_Value>
	<Ranged_Attack_Rate>50</Ranged_Attack_Rate>
	<Melee_Attack_Damage>30</Melee_Attack_Damage>
	<Melee_Attack_Rate>10</Melee_Attack_Rate>
	<4>0</4>
	<Weapon>SDCB</Weapon>
	<Bitflags>1100 0000</Bitflags>
	<Response_Purse>0</Response_Purse>
	<Response_Apple>0</Response_Apple>
	<Response_Beer>0</Response_Beer>
	<Response_Whistle>0</Response_Whistle>
	<9>20</9>
	<Ranged_Value>4</Ranged_Value>
	<Mounted_Knight_Value>64</Mounted_Knight_Value>
	<10>0</10>
	<11>1</11>
	<12>11</12>
</Crossbowman, Vert>

<MerryMan, Paysan>
	<Unit_Block_Head>TWVycnlNYW5Cb3cMAFBheXNhbiBEIEFyYwgATW1lbiBBcmM=</Unit_Block_Head> 
	<HP>80</HP>
	<1>80</1>
	<Thread_Threshold>100</Thread_Threshold>
	<Officer_Value>0</Officer_Value>
	<3>0</3>
	<Guard_Value>0</Guard_Value>
	<Ranged_Attack_Rate>100</Ranged_Attack_Rate>
	<Melee_Attack_Damage>0</Melee_Attack_Damage>
	<Melee_Attack_Rate>10</Melee_Attack_Rate>
	<4>2</4>
	<Weapon>SDMD</Weapon>
	<Bitflags>1100 0000</Bitflags>
	<Response_Purse>0</Response_Purse>
	<Response_Apple>0</Response_Apple>
	<Response_Beer>0</Response_Beer>
	<Response_Whistle>0</Response_Whistle>
	<9>13</9>
	<Ranged_Value>2</Ranged_Value>
	<Mounted_Knight_Value>64</Mounted_Knight_Value>
	<10>0</10>
	<11>0</11>
	<12>13</12>
</MerryMan, Paysan>

<MerryMan, Paysan>
	<Unit_Block_Head>TWVycnlNYW5TdGFmZg4AUGF5c2FuIEQgQmF0b24KAE1tZW4gQmF0b24=</Unit_Block_Head> 
	<HP>80</HP>
	<1>80</1>
	<Thread_Threshold>100</Thread_Threshold>
	<Officer_Value>0</Officer_Value>
	<3>0</3>
	<Guard_Value>0</Guard_Value>
	<Ranged_Attack_Rate>80</Ranged_Attack_Rate>
	<Melee_Attack_Damage>100</Melee_Attack_Damage>
	<Melee_Attack_Rate>70</Melee_Attack_Rate>
	<4>2</4>
	<Weapon>SDMD</Weapon>
	<Bitflags>1100 0000</Bitflags>
	<Response_Purse>0</Response_Purse>
	<Response_Apple>0</Response_Apple>
	<Response_Beer>0</Response_Beer>
	<Response_Whistle>0</Response_Whistle>
	<9>11</9>
	<Ranged_Value>0</Ranged_Value>
	<Mounted_Knight_Value>64</Mounted_Knight_Value>
	<10>0</10>
	<11>0</11>
	<12>7</12>
</MerryMan, Paysan>

<MerryMan, Paysan>
	<Unit_Block_Head>VHJhaW5lcgoARW50cmFpbmV1chgAVHJhaW5lciA6IEx1aXMgRmVybmFuZGV6</Unit_Block_Head> 
	<HP>80</HP>
	<1>80</1>
	<Thread_Threshold>100</Thread_Threshold>
	<Officer_Value>0</Officer_Value>
	<3>95</3>
	<Guard_Value>0</Guard_Value>
	<Ranged_Attack_Rate>80</Ranged_Attack_Rate>
	<Melee_Attack_Damage>90</Melee_Attack_Damage>
	<Melee_Attack_Rate>100</Melee_Attack_Rate>
	<4>2</4>
	<Weapon>SDTM</Weapon>
	<Bitflags>1101 0001</Bitflags>
	<Response_Purse>100</Response_Purse>
	<Response_Apple>100</Response_Apple>
	<Response_Beer>100</Response_Beer>
	<Response_Whistle>100</Response_Whistle>
	<9>13</9>
	<Ranged_Value>0</Ranged_Value>
	<Mounted_Knight_Value>64</Mounted_Knight_Value>
	<10>0</10>
	<11>0</11>
	<12>9</12>
</MerryMan, Paysan>

<Guard A, Vert Mechant>
	<Unit_Block_Head>R3VhcmQgQTA1BwBHYXJkZSBBGQBIYWxsZWJhcmRpZXIgVmVydCBNZWNoYW50</Unit_Block_Head> 
	<HP>90</HP>
	<1>15</1>
	<Thread_Threshold>45</Thread_Threshold>
	<Officer_Value>0</Officer_Value>
	<3>0</3>
	<Guard_Value>1</Guard_Value>
	<Ranged_Attack_Rate>0</Ranged_Attack_Rate>
	<Melee_Attack_Damage>20</Melee_Attack_Damage>
	<Melee_Attack_Rate>20</Melee_Attack_Rate>
	<4>0</4>
	<Weapon>SDHL</Weapon>
	<Bitflags>1111 0001</Bitflags>
	<Response_Purse>0</Response_Purse>
	<Response_Apple>0</Response_Apple>
	<Response_Beer>70</Response_Beer>
	<Response_Whistle>20</Response_Whistle>
	<9>21</9>
	<Ranged_Value>0</Ranged_Value>
	<Mounted_Knight_Value>64</Mounted_Knight_Value>
	<10>3</10>
	<11>2</11>
	<12>11</12>
</Guard A, Vert Mechant>

<Soldier A, Vert Mechant>
	<Unit_Block_Head>U29sZGllciBBMDUIAFNvbGRhdCBBEQBFcGVlIFZlcnQgTWVjaGFudA==</Unit_Block_Head> 
	<HP>90</HP>
	<1>35</1>
	<Thread_Threshold>45</Thread_Threshold>
	<Officer_Value>0</Officer_Value>
	<3>0</3>
	<Guard_Value>0</Guard_Value>
	<Ranged_Attack_Rate>0</Ranged_Attack_Rate>
	<Melee_Attack_Damage>20</Melee_Attack_Damage>
	<Melee_Attack_Rate>20</Melee_Attack_Rate>
	<4>0</4>
	<Weapon>SDSW</Weapon>
	<Bitflags>1110 0001</Bitflags>
	<Response_Purse>40</Response_Purse>
	<Response_Apple>95</Response_Apple>
	<Response_Beer>0</Response_Beer>
	<Response_Whistle>70</Response_Whistle>
	<9>24</9>
	<Ranged_Value>0</Ranged_Value>
	<Mounted_Knight_Value>64</Mounted_Knight_Value>
	<10>1</10>
	<11>1</11>
	<12>8</12>
</Soldier A, Vert Mechant>

<Archer0, Vert Mechant>
	<Unit_Block_Head>QXJjaGVyMDUGAEFyY2hlchMAQXJjaGVyIFZlcnQgTWVjaGFudA==</Unit_Block_Head> 
	<HP>40</HP>
	<1>45</1>
	<Thread_Threshold>5</Thread_Threshold>
	<Officer_Value>0</Officer_Value>
	<3>0</3>
	<Guard_Value>0</Guard_Value>
	<Ranged_Attack_Rate>40</Ranged_Attack_Rate>
	<Melee_Attack_Damage>30</Melee_Attack_Damage>
	<Melee_Attack_Rate>10</Melee_Attack_Rate>
	<4>0</4>
	<Weapon>SDBW</Weapon>
	<Bitflags>1111 0001</Bitflags>
	<Response_Purse>90</Response_Purse>
	<Response_Apple>0</Response_Apple>
	<Response_Beer>0</Response_Beer>
	<Response_Whistle>45</Response_Whistle>
	<9>22</9>
	<Ranged_Value>3</Ranged_Value>
	<Mounted_Knight_Value>64</Mounted_Knight_Value>
	<10>0</10>
	<11>0</11>
	<12>9</12>
</Archer0, Vert Mechant>

<Officer, Vert Mechant>
	<Unit_Block_Head>T2ZmaWNlcjA1CABPZmZpY2llchUAT2ZmaWNpZXIgVmVydCBNZWNoYW50</Unit_Block_Head> 
	<HP>140</HP>
	<1>75</1>
	<Thread_Threshold>55</Thread_Threshold>
	<Officer_Value>60</Officer_Value>
	<3>45</3>
	<Guard_Value>0</Guard_Value>
	<Ranged_Attack_Rate>0</Ranged_Attack_Rate>
	<Melee_Attack_Damage>55</Melee_Attack_Damage>
	<Melee_Attack_Rate>70</Melee_Attack_Rate>
	<4>1</4>
	<Weapon>SDOF</Weapon>
	<Bitflags>1100 0001</Bitflags>
	<Response_Purse>0</Response_Purse>
	<Response_Apple>0</Response_Apple>
	<Response_Beer>20</Response_Beer>
	<Response_Whistle>95</Response_Whistle>
	<9>25</9>
	<Ranged_Value>0</Ranged_Value>
	<Mounted_Knight_Value>64</Mounted_Knight_Value>
	<10>1</10>
	<11>1</11>
	<12>11</12>
</Officer, Vert Mechant>

<Soldier B, Vert Mechant>
	<Unit_Block_Head>U29sZGllciBCMDUIAFNvbGRhdCBCFgBDaGV2YWxpZXIgVmVydCBNZWNoYW50</Unit_Block_Head> 
	<HP>115</HP>
	<1>85</1>
	<Thread_Threshold>85</Thread_Threshold>
	<Officer_Value>0</Officer_Value>
	<3>60</3>
	<Guard_Value>0</Guard_Value>
	<Ranged_Attack_Rate>0</Ranged_Attack_Rate>
	<Melee_Attack_Damage>70</Melee_Attack_Damage>
	<Melee_Attack_Rate>85</Melee_Attack_Rate>
	<4>2</4>
	<Weapon>SDKN
</Weapon>
	<Bitflags>1100 0001</Bitflags>
	<Response_Purse>0</Response_Purse>
	<Response_Apple>70</Response_Apple>
	<Response_Beer>0</Response_Beer>
	<Response_Whistle>0</Response_Whistle>
	<9>26</9>
	<Ranged_Value>0</Ranged_Value>
	<Mounted_Knight_Value>64</Mounted_Knight_Value>
	<10>2</10>
	<11>2</11>
	<12>9</12>
</Soldier B, Vert Mechant>

<Guard B, Vert Mechant>
	<Unit_Block_Head>R3VhcmQgQjA1BwBHYXJkZSBCFABMYW5jaWVyIFZlcnQgTWVjaGFudA==</Unit_Block_Head> 
	<HP>55</HP>
	<1>5</1>
	<Thread_Threshold>15</Thread_Threshold>
	<Officer_Value>0</Officer_Value>
	<3>0</3>
	<Guard_Value>1</Guard_Value>
	<Ranged_Attack_Rate>0</Ranged_Attack_Rate>
	<Melee_Attack_Damage>15</Melee_Attack_Damage>
	<Melee_Attack_Rate>20</Melee_Attack_Rate>
	<4>0</4>
	<Weapon>SDLN</Weapon>
	<Bitflags>1110 0001</Bitflags>
	<Response_Purse>65</Response_Purse>
	<Response_Apple>0</Response_Apple>
	<Response_Beer>95</Response_Beer>
	<Response_Whistle>0</Response_Whistle>
	<9>23</9>
	<Ranged_Value>0</Ranged_Value>
	<Mounted_Knight_Value>64</Mounted_Knight_Value>
	<10>3</10>
	<11>0</11>
	<12>13</12>
</Guard B, Vert Mechant>

<Crossbowman, Vert Mechant>
	<Unit_Block_Head>Q3Jvc3Nib3dtYW4wNQsAQXJiYWxldHJpZXIYAEFyYmFsZXRyaWVyIFZlcnQgTWVjaGFudA==</Unit_Block_Head> 
	<HP>90</HP>
	<1>25</1>
	<Thread_Threshold>35</Thread_Threshold>
	<Officer_Value>0</Officer_Value>
	<3>0</3>
	<Guard_Value>0</Guard_Value>
	<Ranged_Attack_Rate>40</Ranged_Attack_Rate>
	<Melee_Attack_Damage>30</Melee_Attack_Damage>
	<Melee_Attack_Rate>10</Melee_Attack_Rate>
	<4>0</4>
	<Weapon>SDCB</Weapon>
	<Bitflags>1110 0001</Bitflags>
	<Response_Purse>0</Response_Purse>
	<Response_Apple>45</Response_Apple>
	<Response_Beer>45</Response_Beer>
	<Response_Whistle>0</Response_Whistle>
	<9>27</9>
	<Ranged_Value>4</Ranged_Value>
	<Mounted_Knight_Value>64</Mounted_Knight_Value>
	<10>0</10>
	<11>1</11>
	<12>8</12>
</Crossbowman, Vert Mechant>

<Knight0, Ne pas utiliser1>
	<Unit_Block_Head>S25pZ2h0MDIGAEtuaWdodBAATmUgcGFzIHV0aWxpc2VyMQ==</Unit_Block_Head> 
	<HP>105</HP>
	<1>50</1>
	<Thread_Threshold>80</Thread_Threshold>
	<Officer_Value>0</Officer_Value>
	<3>60</3>
	<Guard_Value>0</Guard_Value>
	<Ranged_Attack_Rate>0</Ranged_Attack_Rate>
	<Melee_Attack_Damage>60</Melee_Attack_Damage>
	<Melee_Attack_Rate>80</Melee_Attack_Rate>
	<4>2</4>
	<Weapon>SDRD</Weapon>
	<Bitflags>1100 0111</Bitflags>
	<Response_Purse>0</Response_Purse>
	<Response_Apple>25</Response_Apple>
	<Response_Beer>0</Response_Beer>
	<Response_Whistle>25</Response_Whistle>
	<9>18</9>
	<Ranged_Value>0</Ranged_Value>
	<Mounted_Knight_Value>3</Mounted_Knight_Value>
	<10>2</10>
	<11>2</11>
	<12>8</12>
</Knight0, Ne pas utiliser1>

<Knight0, Jaune>
	<Unit_Block_Head>S25pZ2h0MDEGAEtuaWdodA4AQ2F2YWxpZXIgSmF1bmU=</Unit_Block_Head> 
	<HP>115</HP>
	<1>60</1>
	<Thread_Threshold>85</Thread_Threshold>
	<Officer_Value>0</Officer_Value>
	<3>70</3>
	<Guard_Value>0</Guard_Value>
	<Ranged_Attack_Rate>0</Ranged_Attack_Rate>
	<Melee_Attack_Damage>70</Melee_Attack_Damage>
	<Melee_Attack_Rate>85</Melee_Attack_Rate>
	<4>2</4>
	<Weapon>SDRD</Weapon>
	<Bitflags>1100 0111</Bitflags>
	<Response_Purse>0</Response_Purse>
	<Response_Apple>20</Response_Apple>
	<Response_Beer>0</Response_Beer>
	<Response_Whistle>20</Response_Whistle>
	<9>18</9>
	<Ranged_Value>0</Ranged_Value>
	<Mounted_Knight_Value>3</Mounted_Knight_Value>
	<10>2</10>
	<11>2</11>
	<12>8</12>
</Knight0, Jaune>

<Knight0, Orange>
	<Unit_Block_Head>S25pZ2h0MDIGAEtuaWdodA8AQ2F2YWxpZXIgT3Jhbmdl</Unit_Block_Head> 
	<HP>125</HP>
	<1>70</1>
	<Thread_Threshold>90</Thread_Threshold>
	<Officer_Value>0</Officer_Value>
	<3>80</3>
	<Guard_Value>0</Guard_Value>
	<Ranged_Attack_Rate>0</Ranged_Attack_Rate>
	<Melee_Attack_Damage>80</Melee_Attack_Damage>
	<Melee_Attack_Rate>90</Melee_Attack_Rate>
	<4>2</4>
	<Weapon>SDRD</Weapon>
	<Bitflags>1100 0111</Bitflags>
	<Response_Purse>0</Response_Purse>
	<Response_Apple>15</Response_Apple>
	<Response_Beer>0</Response_Beer>
	<Response_Whistle>15</Response_Whistle>
	<9>18</9>
	<Ranged_Value>0</Ranged_Value>
	<Mounted_Knight_Value>3</Mounted_Knight_Value>
	<10>2</10>
	<11>2</11>
	<12>8</12>
</Knight0, Orange>

<Knight0, Rouge>
	<Unit_Block_Head>S25pZ2h0MDMGAEtuaWdodA4AQ2F2YWxpZXIgUm91Z2U=</Unit_Block_Head> 
	<HP>135</HP>
	<1>80</1>
	<Thread_Threshold>95</Thread_Threshold>
	<Officer_Value>0</Officer_Value>
	<3>90</3>
	<Guard_Value>0</Guard_Value>
	<Ranged_Attack_Rate>0</Ranged_Attack_Rate>
	<Melee_Attack_Damage>90</Melee_Attack_Damage>
	<Melee_Attack_Rate>95</Melee_Attack_Rate>
	<4>2</4>
	<Weapon>SDRD</Weapon>
	<Bitflags>1100 0111</Bitflags>
	<Response_Purse>0</Response_Purse>
	<Response_Apple>10</Response_Apple>
	<Response_Beer>0</Response_Beer>
	<Response_Whistle>10</Response_Whistle>
	<9>18</9>
	<Ranged_Value>0</Ranged_Value>
	<Mounted_Knight_Value>3</Mounted_Knight_Value>
	<10>2</10>
	<11>2</11>
	<12>8</12>
</Knight0, Rouge>

<Knight0, Ne pas utiliser2>
	<Unit_Block_Head>S25pZ2h0MDIGAEtuaWdodBAATmUgcGFzIHV0aWxpc2VyMg==</Unit_Block_Head> 
	<HP>145</HP>
	<1>90</1>
	<Thread_Threshold>100</Thread_Threshold>
	<Officer_Value>0</Officer_Value>
	<3>100</3>
	<Guard_Value>0</Guard_Value>
	<Ranged_Attack_Rate>0</Ranged_Attack_Rate>
	<Melee_Attack_Damage>100</Melee_Attack_Damage>
	<Melee_Attack_Rate>100</Melee_Attack_Rate>
	<4>2</4>
	<Weapon>SDRD</Weapon>
	<Bitflags>1100 0111</Bitflags>
	<Response_Purse>0</Response_Purse>
	<Response_Apple>5</Response_Apple>
	<Response_Beer>0</Response_Beer>
	<Response_Whistle>5</Response_Whistle>
	<9>18</9>
	<Ranged_Value>0</Ranged_Value>
	<Mounted_Knight_Value>3</Mounted_Knight_Value>
	<10>2</10>
	<11>2</11>
	<12>8</12>
</Knight0, Ne pas utiliser2>

<Knight0, Ne pas utiliser3>
	<Unit_Block_Head>S25pZ2h0MDIGAEtuaWdodBAATmUgcGFzIHV0aWxpc2VyMw==</Unit_Block_Head> 
	<HP>125</HP>
	<1>70</1>
	<Thread_Threshold>90</Thread_Threshold>
	<Officer_Value>0</Officer_Value>
	<3>0</3>
	<Guard_Value>0</Guard_Value>
	<Ranged_Attack_Rate>0</Ranged_Attack_Rate>
	<Melee_Attack_Damage>80</Melee_Attack_Damage>
	<Melee_Attack_Rate>90</Melee_Attack_Rate>
	<4>2</4>
	<Weapon>SDRD</Weapon>
	<Bitflags>1100 0110</Bitflags>
	<Response_Purse>0</Response_Purse>
	<Response_Apple>0</Response_Apple>
	<Response_Beer>0</Response_Beer>
	<Response_Whistle>0</Response_Whistle>
	<9>18</9>
	<Ranged_Value>0</Ranged_Value>
	<Mounted_Knight_Value>3</Mounted_Knight_Value>
	<10>2</10>
	<11>2</11>
	<12>8</12>
</Knight0, Ne pas utiliser3>

<Knight0, Ne pas utiliser4>
	<Unit_Block_Head>S25pZ2h0MDIGAEtuaWdodBAATmUgcGFzIHV0aWxpc2VyNA==</Unit_Block_Head> 
	<HP>125</HP>
	<1>70</1>
	<Thread_Threshold>90</Thread_Threshold>
	<Officer_Value>0</Officer_Value>
	<3>0</3>
	<Guard_Value>0</Guard_Value>
	<Ranged_Attack_Rate>0</Ranged_Attack_Rate>
	<Melee_Attack_Damage>80</Melee_Attack_Damage>
	<Melee_Attack_Rate>90</Melee_Attack_Rate>
	<4>2</4>
	<Weapon>SDRD</Weapon>
	<Bitflags>1100 0111</Bitflags>
	<Response_Purse>0</Response_Purse>
	<Response_Apple>0</Response_Apple>
	<Response_Beer>0</Response_Beer>
	<Response_Whistle>0</Response_Whistle>
	<9>18</9>
	<Ranged_Value>0</Ranged_Value>
	<Mounted_Knight_Value>3</Mounted_Knight_Value>
	<10>2</10>
	<11>2</11>
	<12>10</12>
</Knight0, Ne pas utiliser4>

<EnemyHero, City>
	<Unit_Block_Head>R3Vpc2JvdXJuZQoAR3Vpc2JvdXJuZREAR3V5IG9mIEd1aXNib3VybmU=</Unit_Block_Head> 
	<HP>250</HP>
	<1>100</1>
	<Thread_Threshold>100</Thread_Threshold>
	<Officer_Value>0</Officer_Value>
	<3>100</3>
	<Guard_Value>0</Guard_Value>
	<Ranged_Attack_Rate>0</Ranged_Attack_Rate>
	<Melee_Attack_Damage>100</Melee_Attack_Damage>
	<Melee_Attack_Rate>100</Melee_Attack_Rate>
	<4>2</4>
	<Weapon>VPGG
</Weapon>
	<Bitflags>1100 1001</Bitflags>
	<Response_Purse>0</Response_Purse>
	<Response_Apple>0</Response_Apple>
	<Response_Beer>0</Response_Beer>
	<Response_Whistle>0</Response_Whistle>
	<9>19</9>
	<Ranged_Value>0</Ranged_Value>
	<Mounted_Knight_Value>10</Mounted_Knight_Value>
	<10>1</10>
	<11>2</11>
	<12>9</12>
</EnemyHero, City>

<EnemyHero, City>
	<Unit_Block_Head>TG9uZ2NoYW1wCQBMb25nY2hhbXAQAExvbmdjaGFtcCAoWW9yayk=</Unit_Block_Head> 
	<HP>250</HP>
	<1>100</1>
	<Thread_Threshold>100</Thread_Threshold>
	<Officer_Value>0</Officer_Value>
	<3>100</3>
	<Guard_Value>0</Guard_Value>
	<Ranged_Attack_Rate>0</Ranged_Attack_Rate>
	<Melee_Attack_Damage>100</Melee_Attack_Damage>
	<Melee_Attack_Rate>100</Melee_Attack_Rate>
	<4>2</4>
	<Weapon>VPGL
</Weapon>
	<Bitflags>1100 1001</Bitflags>
	<Response_Purse>0</Response_Purse>
	<Response_Apple>0</Response_Apple>
	<Response_Beer>0</Response_Beer>
	<Response_Whistle>0</Response_Whistle>
	<9>19</9>
	<Ranged_Value>0</Ranged_Value>
	<Mounted_Knight_Value>10</Mounted_Knight_Value>
	<10>1</10>
	<11>0</11>
	<12>8</12>
</EnemyHero, City>

<EnemyHero, City>
	<Unit_Block_Head>U2NhdGxvY2sIAFNjYXRsb2NrEQBTY2F0aGxvY2sgKERlcmJ5KQ==</Unit_Block_Head> 
	<HP>250</HP>
	<1>100</1>
	<Thread_Threshold>100</Thread_Threshold>
	<Officer_Value>0</Officer_Value>
	<3>100</3>
	<Guard_Value>0</Guard_Value>
	<Ranged_Attack_Rate>0</Ranged_Attack_Rate>
	<Melee_Attack_Damage>100</Melee_Attack_Damage>
	<Melee_Attack_Rate>100</Melee_Attack_Rate>
	<4>2</4>
	<Weapon>VPSK
</Weapon>
	<Bitflags>1100 1001</Bitflags>
	<Response_Purse>0</Response_Purse>
	<Response_Apple>0</Response_Apple>
	<Response_Beer>0</Response_Beer>
	<Response_Whistle>0</Response_Whistle>
	<9>19</9>
	<Ranged_Value>0</Ranged_Value>
	<Mounted_Knight_Value>10</Mounted_Knight_Value>
	<10>2</10>
	<11>1</11>
	<12>6</12>
</EnemyHero, City>

<EnemyHero, City>
	<Unit_Block_Head>c2hlcmlmBgBTaGVyaWYVAFNoZXJpZmYgb2YgTm90dGluZ2hhbQ==</Unit_Block_Head> 
	<HP>250</HP>
	<1>100</1>
	<Thread_Threshold>100</Thread_Threshold>
	<Officer_Value>0</Officer_Value>
	<3>100</3>
	<Guard_Value>0</Guard_Value>
	<Ranged_Attack_Rate>0</Ranged_Attack_Rate>
	<Melee_Attack_Damage>100</Melee_Attack_Damage>
	<Melee_Attack_Rate>100</Melee_Attack_Rate>
	<4>2</4>
	<Weapon>VPSN
</Weapon>
	<Bitflags>1100 1001</Bitflags>
	<Response_Purse>0</Response_Purse>
	<Response_Apple>0</Response_Apple>
	<Response_Beer>0</Response_Beer>
	<Response_Whistle>0</Response_Whistle>
	<9>19</9>
	<Ranged_Value>0</Ranged_Value>
	<Mounted_Knight_Value>10</Mounted_Knight_Value>
	<10>1</10>
	<11>0</11>
	<12>9</12>
</EnemyHero, City>

<Officer, Ne pas utiliser5>
	<Unit_Block_Head>T2ZmaWNlcjAyCABPZmZpY2llchAATmUgcGFzIHV0aWxpc2VyNQ==</Unit_Block_Head> 
	<HP>130</HP>
	<1>70</1>
	<Thread_Threshold>50</Thread_Threshold>
	<Officer_Value>80</Officer_Value>
	<3>35</3>
	<Guard_Value>0</Guard_Value>
	<Ranged_Attack_Rate>0</Ranged_Attack_Rate>
	<Melee_Attack_Damage>40</Melee_Attack_Damage>
	<Melee_Attack_Rate>60</Melee_Attack_Rate>
	<4>1</4>
	<Weapon>SDOF</Weapon>
	<Bitflags>1100 0001</Bitflags>
	<Response_Purse>0</Response_Purse>
	<Response_Apple>0</Response_Apple>
	<Response_Beer>25</Response_Beer>
	<Response_Whistle>100</Response_Whistle>
	<9>16</9>
	<Ranged_Value>0</Ranged_Value>
	<Mounted_Knight_Value>64</Mounted_Knight_Value>
	<10>1</10>
	<11>1</11>
	<12>9</12>
</Officer, Ne pas utiliser5>

<Officer, Ne pas utiliser6>
	<Unit_Block_Head>T2ZmaWNlcjAyCABPZmZpY2llchAATmUgcGFzIHV0aWxpc2VyNg==</Unit_Block_Head> 
	<HP>140</HP>
	<1>75</1>
	<Thread_Threshold>55</Thread_Threshold>
	<Officer_Value>60</Officer_Value>
	<3>45</3>
	<Guard_Value>0</Guard_Value>
	<Ranged_Attack_Rate>0</Ranged_Attack_Rate>
	<Melee_Attack_Damage>55</Melee_Attack_Damage>
	<Melee_Attack_Rate>70</Melee_Attack_Rate>
	<4>1</4>
	<Weapon>SDOF</Weapon>
	<Bitflags>1100 0001</Bitflags>
	<Response_Purse>0</Response_Purse>
	<Response_Apple>0</Response_Apple>
	<Response_Beer>20</Response_Beer>
	<Response_Whistle>95</Response_Whistle>
	<9>16</9>
	<Ranged_Value>0</Ranged_Value>
	<Mounted_Knight_Value>64</Mounted_Knight_Value>
	<10>1</10>
	<11>1</11>
	<12>9</12>
</Officer, Ne pas utiliser6>

<Officer, Orange>
	<Unit_Block_Head>T2ZmaWNlcjAyCABPZmZpY2llchcAT2ZmaWNpZXIgU3BlY2lhbCBPcmFuZ2U=</Unit_Block_Head> 
	<HP>150</HP>
	<1>80</1>
	<Thread_Threshold>60</Thread_Threshold>
	<Officer_Value>40</Officer_Value>
	<3>55</3>
	<Guard_Value>0</Guard_Value>
	<Ranged_Attack_Rate>0</Ranged_Attack_Rate>
	<Melee_Attack_Damage>70</Melee_Attack_Damage>
	<Melee_Attack_Rate>80</Melee_Attack_Rate>
	<4>1</4>
	<Weapon>SDOF</Weapon>
	<Bitflags>1100 0001</Bitflags>
	<Response_Purse>0</Response_Purse>
	<Response_Apple>0</Response_Apple>
	<Response_Beer>15</Response_Beer>
	<Response_Whistle>90</Response_Whistle>
	<9>16</9>
	<Ranged_Value>0</Ranged_Value>
	<Mounted_Knight_Value>64</Mounted_Knight_Value>
	<10>1</10>
	<11>1</11>
	<12>9</12>
</Officer, Orange>

<Officer, Rouge>
	<Unit_Block_Head>T2ZmaWNlcjAzCABPZmZpY2llchYAT2ZmaWNpZXIgU3BlY2lhbCBSb3VnZQ==</Unit_Block_Head> 
	<HP>160</HP>
	<1>85</1>
	<Thread_Threshold>65</Thread_Threshold>
	<Officer_Value>20</Officer_Value>
	<3>65</3>
	<Guard_Value>0</Guard_Value>
	<Ranged_Attack_Rate>0</Ranged_Attack_Rate>
	<Melee_Attack_Damage>85</Melee_Attack_Damage>
	<Melee_Attack_Rate>90</Melee_Attack_Rate>
	<4>1</4>
	<Weapon>SDOF</Weapon>
	<Bitflags>1100 0001</Bitflags>
	<Response_Purse>0</Response_Purse>
	<Response_Apple>0</Response_Apple>
	<Response_Beer>10</Response_Beer>
	<Response_Whistle>85</Response_Whistle>
	<9>16</9>
	<Ranged_Value>0</Ranged_Value>
	<Mounted_Knight_Value>64</Mounted_Knight_Value>
	<10>1</10>
	<11>1</11>
	<12>9</12>
</Officer, Rouge>

<Officer, Noir>
	<Unit_Block_Head>T2ZmaWNlcjA0CABPZmZpY2llchUAT2ZmaWNpZXIgU3BlY2lhbCBOb2ly</Unit_Block_Head> 
	<HP>170</HP>
	<1>90</1>
	<Thread_Threshold>70</Thread_Threshold>
	<Officer_Value>0</Officer_Value>
	<3>75</3>
	<Guard_Value>0</Guard_Value>
	<Ranged_Attack_Rate>0</Ranged_Attack_Rate>
	<Melee_Attack_Damage>100</Melee_Attack_Damage>
	<Melee_Attack_Rate>100</Melee_Attack_Rate>
	<4>1</4>
	<Weapon>SDOF</Weapon>
	<Bitflags>1100 0001</Bitflags>
	<Response_Purse>0</Response_Purse>
	<Response_Apple>0</Response_Apple>
	<Response_Beer>5</Response_Beer>
	<Response_Whistle>80</Response_Whistle>
	<9>16</9>
	<Ranged_Value>0</Ranged_Value>
	<Mounted_Knight_Value>64</Mounted_Knight_Value>
	<10>1</10>
	<11>1</11>
	<12>63</12>
</Officer, Noir>

